Fecha,TMAX,TMIN,Prec,TMEDIA,TMAX_Media_Ens,TMIN_Media_Ens,TMEDIA_Media_Ens,Prec_Media_Ens,TMAX_P10,TMAX_P50,TMAX_P90,TMIN_P10,TMIN_P50,TMIN_P90,TMEDIA_P10,TMEDIA_P50,TMEDIA_P90,Prec_P10,Prec_P50,Prec_P90,Prob_Prec_ge_1mm,Prob_Prec_ge_5mm,Prob_Prec_ge_10mm,Prob_Prec_ge_30mm,GD_Tb2,Fuente,TipoDato,CalidadDato,N_miembros,Latitud_grilla,Longitud_grilla,Elevacion_grilla_m,Emision_UTC
2026-01-01,34.7,21.2,6.25,27.244,,,,,,,,,,,,,,,,,,,,,25.244,SIGA_INTA_SAN_PEDRO_A872890,Observado,Observado_estacion,,,,,2026-10-02T22:27:07+00:00
2026-01-02,30.2,17.1,0.75,22.403,,,,,,,,,,,,,,,,,,,,,20.403,SIGA_INTA_SAN_PEDRO_A872890,Observado,Observado_estacion,,,,,2026-10-02T22:27:07+00:00
2026-01-03,23.5,14.9,0.0,19.231,,,,,,,,,,,,,,,,,,,,,17.231,SIGA_INTA_SAN_PEDRO_A872890,Observado,Observado_estacion,,,,,2026-10-02T22:27:07+00:00
2026-01-04,27.6,9.0,0.0,18.846,,,,,,,,,,,,,,,,,,,,,16.846,SIGA_INTA_SAN_PEDRO_A872890,Observado,Observado_estacion,,,,,2026-10-02T22:27:07+00:00
2026-01-05,29.9,12.2,0.0,21.458,,,,,,,,,,,,,,,,,,,,,19.458,SIGA_INTA_SAN_PEDRO_A872890,Observado,Observado_estacion,,,,,2026-10-02T22:27:07+00:00
2026-01-06,32.6,17.0,0.0,24.978,,,,,,,,,,,,,,,,,,,,,22.978,SIGA_INTA_SAN_PEDRO_A872890,Observado,Observado_estacion,,,,,2026-10-02T22:27:07+00:00
2026-01-07,31.7,18.7,0.0,24.854,,,,,,,,,,,,,,,,,,,,,22.854,SIGA_INTA_SAN_PEDRO_A872890,Observado,Observado_estacion,,,,,2026-10-02T22:27:07+00:00
2026-01-08,26.0,11.2,0.0,19.81,,,,,,,,,,,,,,,,,,,,,17.81,SIGA_INTA_SAN_PEDRO_A872890,Observado,Observado_estacion,,,,,2026-10-02T22:27:07+00:00
2026-01-09,25.2,17.9,2.75,21.34,,,,,,,,,,,,,,,,,,,,,19.34,SIGA_INTA_SAN_PEDRO_A872890,Observado,Observado_estacion,,,,,2026-10-02T22:27:07+00:00
2026-01-10,28.4,17.8,0.0,21.72,,,,,,,,,,,,,,,,,,,,,19.72,SIGA_INTA_SAN_PEDRO_A872890,Observado,Observado_estacion,,,,,2026-10-02T22:27:07+00:00
2026-01-11,36.4,16.2,0.0,25.851,,,,,,,,,,,,,,,,,,,,,23.851,SIGA_INTA_SAN_PEDRO_A872890,Observado,Observado_estacion,,,,,2026-10-02T22:27:07+00:00
2026-01-12,38.0,19.0,0.0,28.865,,,,,,,,,,,,,,,,,,,,,26.865,SIGA_INTA_SAN_PEDRO_A872890,Observado,Observado_estacion,,,,,2026-10-02T22:27:07+00:00
2026-01-13,35.0,21.4,0.0,28.973,,,,,,,,,,,,,,,,,,,,,26.973,SIGA_INTA_SAN_PEDRO_A872890,Observado,Observado_estacion,,,,,2026-10-02T22:27:07+00:00
2026-01-14,36.5,21.2,0.0,28.584,,,,,,,,,,,,,,,,,,,,,26.584,SIGA_INTA_SAN_PEDRO_A872890,Observado,Observado_estacion,,,,,2026-10-02T22:27:07+00:00
2026-01-15,32.4,21.9,0.25,25.744,,,,,,,,,,,,,,,,,,,,,23.744,SIGA_INTA_SAN_PEDRO_A872890,Observado,Observado_estacion,,,,,2026-10-02T22:27:07+00:00
2026-01-16,32.8,19.1,0.25,24.884,,,,,,,,,,,,,,,,,,,,,22.884,SIGA_INTA_SAN_PEDRO_A872890,Observado,Observado_estacion,,,,,2026-10-02T22:27:07+00:00
2026-01-17,36.0,19.8,0.0,27.589,,,,,,,,,,,,,,,,,,,,,25.589,SIGA_INTA_SAN_PEDRO_A872890,Observado,Observado_estacion,,,,,2026-10-02T22:27:07+00:00
2026-01-18,29.8,19.7,0.0,25.07,,,,,,,,,,,,,,,,,,,,,23.07,SIGA_INTA_SAN_PEDRO_A872890,Observado,Observado_estacion,,,,,2026-10-02T22:27:07+00:00
2026-01-19,27.0,11.7,0.0,20.301,,,,,,,,,,,,,,,,,,,,,18.301,SIGA_INTA_SAN_PEDRO_A872890,Observado,Observado_estacion,,,,,2026-10-02T22:27:07+00:00
2026-01-20,30.1,13.0,0.0,22.317,,,,,,,,,,,,,,,,,,,,,20.317,SIGA_INTA_SAN_PEDRO_A872890,Observado,Observado_estacion,,,,,2026-10-02T22:27:07+00:00
2026-01-21,32.0,15.0,0.0,24.176,,,,,,,,,,,,,,,,,,,,,22.176,SIGA_INTA_SAN_PEDRO_A872890,Observado,Observado_estacion,,,,,2026-10-02T22:27:07+00:00
2026-01-22,32.8,18.7,0.0,25.866,,,,,,,,,,,,,,,,,,,,,23.866,SIGA_INTA_SAN_PEDRO_A872890,Observado,Observado_estacion,,,,,2026-10-02T22:27:07+00:00
2026-01-23,36.0,20.0,0.0,27.534,,,,,,,,,,,,,,,,,,,,,25.534,SIGA_INTA_SAN_PEDRO_A872890,Observado,Observado_estacion,,,,,2026-10-02T22:27:07+00:00
2026-01-24,35.3,21.9,0.0,27.981,,,,,,,,,,,,,,,,,,,,,25.981,SIGA_INTA_SAN_PEDRO_A872890,Observado,Observado_estacion,,,,,2026-10-02T22:27:07+00:00
2026-01-25,37.2,21.4,0.0,29.174,,,,,,,,,,,,,,,,,,,,,27.174,SIGA_INTA_SAN_PEDRO_A872890,Observado,Observado_estacion,,,,,2026-10-02T22:27:07+00:00
2026-01-26,35.9,19.6,0.0,27.392,,,,,,,,,,,,,,,,,,,,,25.392,SIGA_INTA_SAN_PEDRO_A872890,Observado,Observado_estacion,,,,,2026-10-02T22:27:07+00:00
2026-01-27,35.9,19.1,0.0,27.212,,,,,,,,,,,,,,,,,,,,,25.212,SIGA_INTA_SAN_PEDRO_A872890,Observado,Observado_estacion,,,,,2026-10-02T22:27:07+00:00
2026-01-28,35.2,19.5,0.0,27.299,,,,,,,,,,,,,,,,,,,,,25.299,SIGA_INTA_SAN_PEDRO_A872890,Observado,Observado_estacion,,,,,2026-10-02T22:27:07+00:00
2026-01-29,35.2,15.1,0.0,25.465,,,,,,,,,,,,,,,,,,,,,23.465,SIGA_INTA_SAN_PEDRO_A872890,Observado,Observado_estacion,,,,,2026-10-02T22:27:07+00:00
2026-01-30,34.3,18.3,0.0,26.332,,,,,,,,,,,,,,,,,,,,,24.332,SIGA_INTA_SAN_PEDRO_A872890,Observado,Observado_estacion,,,,,2026-10-02T22:27:07+00:00
2026-01-31,32.9,20.1,0.0,26.249,,,,,,,,,,,,,,,,,,,,,24.249,SIGA_INTA_SAN_PEDRO_A872890,Observado,Observado_estacion,,,,,2026-10-02T22:27:07+00:00
2026-02-01,34.9,18.2,0.0,26.512,,,,,,,,,,,,,,,,,,,,,24.512,SIGA_INTA_SAN_PEDRO_A872890,Observado,Observado_estacion,,,,,2026-10-02T22:27:07+00:00
2026-02-02,36.1,20.1,0.0,27.825,,,,,,,,,,,,,,,,,,,,,25.825,SIGA_INTA_SAN_PEDRO_A872890,Observado,Observado_estacion,,,,,2026-10-02T22:27:07+00:00
2026-02-03,38.3,20.0,0.0,28.912,,,,,,,,,,,,,,,,,,,,,26.912,SIGA_INTA_SAN_PEDRO_A872890,Observado,Observado_estacion,,,,,2026-10-02T22:27:07+00:00
2026-02-04,30.0,18.9,3.5,24.681,,,,,,,,,,,,,,,,,,,,,22.681,SIGA_INTA_SAN_PEDRO_A872890,Observado,Observado_estacion,,,,,2026-10-02T22:27:07+00:00
2026-02-05,30.9,21.8,0.0,25.472,,,,,,,,,,,,,,,,,,,,,23.472,SIGA_INTA_SAN_PEDRO_A872890,Observado,Observado_estacion,,,,,2026-10-02T22:27:07+00:00
2026-02-06,31.2,18.2,0.0,24.862,,,,,,,,,,,,,,,,,,,,,22.862,SIGA_INTA_SAN_PEDRO_A872890,Observado,Observado_estacion,,,,,2026-10-02T22:27:07+00:00
2026-02-07,33.2,10.7,0.0,23.144,,,,,,,,,,,,,,,,,,,,,21.144,SIGA_INTA_SAN_PEDRO_A872890,Observado,Observado_estacion,,,,,2026-10-02T22:27:07+00:00
2026-02-08,34.9,13.9,0.0,24.863,,,,,,,,,,,,,,,,,,,,,22.863,SIGA_INTA_SAN_PEDRO_A872890,Observado,Observado_estacion,,,,,2026-10-02T22:27:07+00:00
2026-02-09,32.3,17.7,0.0,25.083,,,,,,,,,,,,,,,,,,,,,23.083,SIGA_INTA_SAN_PEDRO_A872890,Observado,Observado_estacion,,,,,2026-10-02T22:27:07+00:00
2026-02-10,35.1,15.3,0.0,25.121,,,,,,,,,,,,,,,,,,,,,23.121,SIGA_INTA_SAN_PEDRO_A872890,Observado,Observado_estacion,,,,,2026-10-02T22:27:07+00:00
2026-02-11,29.5,22.2,0.0,25.796,,,,,,,,,,,,,,,,,,,,,23.796,SIGA_INTA_SAN_PEDRO_A872890,Observado,Observado_estacion,,,,,2026-10-02T22:27:07+00:00
2026-02-12,32.4,17.6,0.0,23.913,,,,,,,,,,,,,,,,,,,,,21.913,SIGA_INTA_SAN_PEDRO_A872890,Observado,Observado_estacion,,,,,2026-10-02T22:27:07+00:00
2026-02-13,31.0,14.4,0.0,22.624,,,,,,,,,,,,,,,,,,,,,20.624,SIGA_INTA_SAN_PEDRO_A872890,Observado,Observado_estacion,,,,,2026-10-02T22:27:07+00:00
2026-02-14,33.1,15.8,37.5,23.878,,,,,,,,,,,,,,,,,,,,,21.878,SIGA_INTA_SAN_PEDRO_A872890,Observado,Observado_estacion,,,,,2026-10-02T22:27:07+00:00
2026-02-15,24.6,18.6,2.75,21.762,,,,,,,,,,,,,,,,,,,,,19.762,SIGA_INTA_SAN_PEDRO_A872890,Observado,Observado_estacion,,,,,2026-10-02T22:27:07+00:00
2026-02-16,31.6,16.7,0.0,23.61,,,,,,,,,,,,,,,,,,,,,21.61,SIGA_INTA_SAN_PEDRO_A872890,Observado,Observado_estacion,,,,,2026-10-02T22:27:07+00:00
2026-02-17,33.7,17.8,0.0,25.226,,,,,,,,,,,,,,,,,,,,,23.226,SIGA_INTA_SAN_PEDRO_A872890,Observado,Observado_estacion,,,,,2026-10-02T22:27:07+00:00
2026-02-18,36.2,20.7,18.0,27.738,,,,,,,,,,,,,,,,,,,,,25.738,SIGA_INTA_SAN_PEDRO_A872890,Observado,Observado_estacion,,,,,2026-10-02T22:27:07+00:00
2026-02-19,29.9,19.9,1.0,24.965,,,,,,,,,,,,,,,,,,,,,22.965,SIGA_INTA_SAN_PEDRO_A872890,Observado,Observado_estacion,,,,,2026-10-02T22:27:07+00:00
2026-02-20,31.2,17.2,0.0,24.103,,,,,,,,,,,,,,,,,,,,,22.103,SIGA_INTA_SAN_PEDRO_A872890,Observado,Observado_estacion,,,,,2026-10-02T22:27:07+00:00
2026-02-21,32.6,15.7,0.0,24.012,,,,,,,,,,,,,,,,,,,,,22.012,SIGA_INTA_SAN_PEDRO_A872890,Observado,Observado_estacion,,,,,2026-10-02T22:27:07+00:00
2026-02-22,32.3,19.2,0.75,25.335,,,,,,,,,,,,,,,,,,,,,23.335,SIGA_INTA_SAN_PEDRO_A872890,Observado,Observado_estacion,,,,,2026-10-02T22:27:07+00:00
2026-02-23,30.2,20.4,15.0,24.075,,,,,,,,,,,,,,,,,,,,,22.075,SIGA_INTA_SAN_PEDRO_A872890,Observado,Observado_estacion,,,,,2026-10-02T22:27:07+00:00
2026-02-24,33.0,19.1,0.0,25.221,,,,,,,,,,,,,,,,,,,,,23.221,SIGA_INTA_SAN_PEDRO_A872890,Observado,Observado_estacion,,,,,2026-10-02T22:27:07+00:00
2026-02-25,26.1,12.8,0.0,20.413,,,,,,,,,,,,,,,,,,,,,18.413,SIGA_INTA_SAN_PEDRO_A872890,Observado,Observado_estacion,,,,,2026-10-02T22:27:07+00:00
2026-02-26,28.0,11.0,0.0,19.624,,,,,,,,,,,,,,,,,,,,,17.624,SIGA_INTA_SAN_PEDRO_A872890,Observado,Observado_estacion,,,,,2026-10-02T22:27:07+00:00
2026-02-27,29.4,17.7,0.0,22.82,,,,,,,,,,,,,,,,,,,,,20.82,SIGA_INTA_SAN_PEDRO_A872890,Observado,Observado_estacion,,,,,2026-10-02T22:27:07+00:00
2026-02-28,30.9,14.5,0.0,22.803,,,,,,,,,,,,,,,,,,,,,20.803,SIGA_INTA_SAN_PEDRO_A872890,Observado,Observado_estacion,,,,,2026-10-02T22:27:07+00:00
2026-03-01,32.3,16.4,0.0,24.351,,,,,,,,,,,,,,,,,,,,,22.351,SIGA_INTA_SAN_PEDRO_A872890,Observado,Observado_estacion,,,,,2026-10-02T22:27:07+00:00
2026-03-02,33.0,17.8,4.25,24.803,,,,,,,,,,,,,,,,,,,,,22.803,SIGA_INTA_SAN_PEDRO_A872890,Observado,Observado_estacion,,,,,2026-10-02T22:27:07+00:00
2026-03-03,27.7,17.7,0.0,22.337,,,,,,,,,,,,,,,,,,,,,20.337,SIGA_INTA_SAN_PEDRO_A872890,Observado,Observado_estacion,,,,,2026-10-02T22:27:07+00:00
2026-03-04,33.5,14.9,0.0,23.447,,,,,,,,,,,,,,,,,,,,,21.447,SIGA_INTA_SAN_PEDRO_A872890,Observado,Observado_estacion,,,,,2026-10-02T22:27:07+00:00
2026-03-05,31.6,17.4,4.5,24.068,,,,,,,,,,,,,,,,,,,,,22.068,SIGA_INTA_SAN_PEDRO_A872890,Observado,Observado_estacion,,,,,2026-10-02T22:27:07+00:00
2026-03-06,27.2,19.5,0.25,22.974,,,,,,,,,,,,,,,,,,,,,20.974,SIGA_INTA_SAN_PEDRO_A872890,Observado,Observado_estacion,,,,,2026-10-02T22:27:07+00:00
2026-03-07,28.7,19.2,0.0,23.243,,,,,,,,,,,,,,,,,,,,,21.243,SIGA_INTA_SAN_PEDRO_A872890,Observado,Observado_estacion,,,,,2026-10-02T22:27:07+00:00
2026-03-08,27.5,16.4,0.0,21.547,,,,,,,,,,,,,,,,,,,,,19.547,SIGA_INTA_SAN_PEDRO_A872890,Observado,Observado_estacion,,,,,2026-10-02T22:27:07+00:00
2026-03-09,29.0,18.1,0.0,23.094,,,,,,,,,,,,,,,,,,,,,21.094,SIGA_INTA_SAN_PEDRO_A872890,Observado,Observado_estacion,,,,,2026-10-02T22:27:07+00:00
2026-03-10,29.0,15.4,0.0,22.008,,,,,,,,,,,,,,,,,,,,,20.008,SIGA_INTA_SAN_PEDRO_A872890,Observado,Observado_estacion,,,,,2026-10-02T22:27:07+00:00
2026-03-11,29.6,15.0,0.0,21.963,,,,,,,,,,,,,,,,,,,,,19.963,SIGA_INTA_SAN_PEDRO_A872890,Observado,Observado_estacion,,,,,2026-10-02T22:27:07+00:00
2026-03-12,29.7,15.1,0.0,21.267,,,,,,,,,,,,,,,,,,,,,19.267,SIGA_INTA_SAN_PEDRO_A872890,Observado,Observado_estacion,,,,,2026-10-02T22:27:07+00:00
2026-03-13,31.8,17.0,0.0,23.535,,,,,,,,,,,,,,,,,,,,,21.535,SIGA_INTA_SAN_PEDRO_A872890,Observado,Observado_estacion,,,,,2026-10-02T22:27:07+00:00
2026-03-14,28.7,18.8,0.0,22.69,,,,,,,,,,,,,,,,,,,,,20.69,SIGA_INTA_SAN_PEDRO_A872890,Observado,Observado_estacion,,,,,2026-10-02T22:27:07+00:00
2026-03-15,34.1,16.4,0.0,24.452,,,,,,,,,,,,,,,,,,,,,22.452,SIGA_INTA_SAN_PEDRO_A872890,Observado,Observado_estacion,,,,,2026-10-02T22:27:07+00:00
2026-03-16,35.3,20.8,0.0,27.959,,,,,,,,,,,,,,,,,,,,,25.959,SIGA_INTA_SAN_PEDRO_A872890,Observado,Observado_estacion,,,,,2026-10-02T22:27:07+00:00
2026-03-17,33.1,18.7,3.5,23.985,,,,,,,,,,,,,,,,,,,,,21.985,SIGA_INTA_SAN_PEDRO_A872890,Observado,Observado_estacion,,,,,2026-10-02T22:27:07+00:00
2026-03-18,28.9,15.5,0.0,20.606,,,,,,,,,,,,,,,,,,,,,18.606,SIGA_INTA_SAN_PEDRO_A872890,Observado,Observado_estacion,,,,,2026-10-02T22:27:07+00:00
2026-03-19,31.2,13.7,0.0,21.553,,,,,,,,,,,,,,,,,,,,,19.553,SIGA_INTA_SAN_PEDRO_A872890,Observado,Observado_estacion,,,,,2026-10-02T22:27:07+00:00
2026-03-20,29.8,17.5,64.75,21.772,,,,,,,,,,,,,,,,,,,,,19.772,SIGA_INTA_SAN_PEDRO_A872890,Observado,Observado_estacion,,,,,2026-10-02T22:27:07+00:00
2026-03-21,22.3,14.1,1.0,19.259,,,,,,,,,,,,,,,,,,,,,17.259,SIGA_INTA_SAN_PEDRO_A872890,Observado,Observado_estacion,,,,,2026-10-02T22:27:07+00:00
2026-03-22,25.9,9.0,0.5,17.169,,,,,,,,,,,,,,,,,,,,,15.169,SIGA_INTA_SAN_PEDRO_A872890,Observado,Observado_estacion,,,,,2026-10-02T22:27:07+00:00
2026-03-23,25.7,13.1,0.0,18.878,,,,,,,,,,,,,,,,,,,,,16.878,SIGA_INTA_SAN_PEDRO_A872890,Observado,Observado_estacion,,,,,2026-10-02T22:27:07+00:00
2026-03-24,25.8,5.9,0.0,15.92,,,,,,,,,,,,,,,,,,,,,13.92,SIGA_INTA_SAN_PEDRO_A872890,Observado,Observado_estacion,,,,,2026-10-02T22:27:07+00:00
2026-03-25,28.4,9.2,0.0,18.24,,,,,,,,,,,,,,,,,,,,,16.24,SIGA_INTA_SAN_PEDRO_A872890,Observado,Observado_estacion,,,,,2026-10-02T22:27:07+00:00
2026-03-26,27.1,9.9,0.0,18.81,,,,,,,,,,,,,,,,,,,,,16.81,SIGA_INTA_SAN_PEDRO_A872890,Observado,Observado_estacion,,,,,2026-10-02T22:27:07+00:00
2026-03-27,28.0,16.1,18.75,21.496,,,,,,,,,,,,,,,,,,,,,19.496,SIGA_INTA_SAN_PEDRO_A872890,Observado,Observado_estacion,,,,,2026-10-02T22:27:07+00:00
2026-03-28,31.3,21.0,1.75,24.579,,,,,,,,,,,,,,,,,,,,,22.579,SIGA_INTA_SAN_PEDRO_A872890,Observado,Observado_estacion,,,,,2026-10-02T22:27:07+00:00
2026-03-29,31.7,23.6,0.0,26.849,,,,,,,,,,,,,,,,,,,,,24.849,SIGA_INTA_SAN_PEDRO_A872890,Observado,Observado_estacion,,,,,2026-10-02T22:27:07+00:00
2026-03-30,33.7,22.4,0.0,26.881,,,,,,,,,,,,,,,,,,,,,24.881,SIGA_INTA_SAN_PEDRO_A872890,Observado,Observado_estacion,,,,,2026-10-02T22:27:07+00:00
2026-03-31,34.2,23.5,0.0,27.662,,,,,,,,,,,,,,,,,,,,,25.662,SIGA_INTA_SAN_PEDRO_A872890,Observado,Observado_estacion,,,,,2026-10-02T22:27:07+00:00
2026-04-01,28.9,22.2,10.5,25.66,,,,,,,,,,,,,,,,,,,,,23.66,SIGA_INTA_SAN_PEDRO_A872890,Observado,Observado_estacion,,,,,2026-10-02T22:27:07+00:00
2026-04-02,28.8,22.2,0.0,24.251,,,,,,,,,,,,,,,,,,,,,22.251,SIGA_INTA_SAN_PEDRO_A872890,Observado,Observado_estacion,,,,,2026-10-02T22:27:07+00:00
2026-04-03,33.2,20.1,11.0,25.065,,,,,,,,,,,,,,,,,,,,,23.065,SIGA_INTA_SAN_PEDRO_A872890,Observado,Observado_estacion,,,,,2026-10-02T22:27:07+00:00
2026-04-04,25.6,14.2,0.0,18.399,,,,,,,,,,,,,,,,,,,,,16.399,SIGA_INTA_SAN_PEDRO_A872890,Observado,Observado_estacion,,,,,2026-10-02T22:27:07+00:00
2026-04-05,20.4,11.3,34.0,14.599,,,,,,,,,,,,,,,,,,,,,12.599,SIGA_INTA_SAN_PEDRO_A872890,Observado,Observado_estacion,,,,,2026-10-02T22:27:07+00:00
2026-04-06,17.2,13.1,20.5,15.273,,,,,,,,,,,,,,,,,,,,,13.273,SIGA_INTA_SAN_PEDRO_A872890,Observado,Observado_estacion,,,,,2026-10-02T22:27:07+00:00
2026-04-07,19.2,17.2,0.25,18.031,,,,,,,,,,,,,,,,,,,,,16.031,SIGA_INTA_SAN_PEDRO_A872890,Observado,Observado_estacion,,,,,2026-10-02T22:27:07+00:00
2026-04-08,23.4,15.5,0.0,18.315,,,,,,,,,,,,,,,,,,,,,16.315,SIGA_INTA_SAN_PEDRO_A872890,Observado,Observado_estacion,,,,,2026-10-02T22:27:07+00:00
2026-04-09,24.2,10.4,0.0,16.502,,,,,,,,,,,,,,,,,,,,,14.501999999999999,SIGA_INTA_SAN_PEDRO_A872890,Observado,Observado_estacion,,,,,2026-10-02T22:27:07+00:00
2026-04-10,25.0,10.7,0.0,16.937,,,,,,,,,,,,,,,,,,,,,14.937000000000001,SIGA_INTA_SAN_PEDRO_A872890,Observado,Observado_estacion,,,,,2026-10-02T22:27:07+00:00
2026-04-11,24.7,13.0,0.0,17.809,,,,,,,,,,,,,,,,,,,,,15.809000000000001,SIGA_INTA_SAN_PEDRO_A872890,Observado,Observado_estacion,,,,,2026-10-02T22:27:07+00:00
2026-04-12,28.0,11.6,0.0,18.739,,,,,,,,,,,,,,,,,,,,,16.739,SIGA_INTA_SAN_PEDRO_A872890,Observado,Observado_estacion,,,,,2026-10-02T22:27:07+00:00
2026-04-13,26.5,10.8,0.0,18.887,,,,,,,,,,,,,,,,,,,,,16.887,SIGA_INTA_SAN_PEDRO_A872890,Observado,Observado_estacion,,,,,2026-10-02T22:27:07+00:00
2026-04-14,25.6,17.9,26.5,21.508,,,,,,,,,,,,,,,,,,,,,19.508,SIGA_INTA_SAN_PEDRO_A872890,Observado,Observado_estacion,,,,,2026-10-02T22:27:07+00:00
2026-04-15,22.4,18.8,7.5,20.548,,,,,,,,,,,,,,,,,,,,,18.548,SIGA_INTA_SAN_PEDRO_A872890,Observado,Observado_estacion,,,,,2026-10-02T22:27:07+00:00
2026-04-16,27.9,19.7,0.0,22.438,,,,,,,,,,,,,,,,,,,,,20.438,SIGA_INTA_SAN_PEDRO_A872890,Observado,Observado_estacion,,,,,2026-10-02T22:27:07+00:00
2026-04-17,28.0,14.8,0.0,20.161,,,,,,,,,,,,,,,,,,,,,18.161,SIGA_INTA_SAN_PEDRO_A872890,Observado,Observado_estacion,,,,,2026-10-02T22:27:07+00:00
2026-04-18,28.7,14.5,0.0,20.935,,,,,,,,,,,,,,,,,,,,,18.935,SIGA_INTA_SAN_PEDRO_A872890,Observado,Observado_estacion,,,,,2026-10-02T22:27:07+00:00
2026-04-19,28.6,15.0,0.0,21.056,,,,,,,,,,,,,,,,,,,,,19.056,SIGA_INTA_SAN_PEDRO_A872890,Observado,Observado_estacion,,,,,2026-10-02T22:27:07+00:00
2026-04-20,24.7,18.5,0.0,21.123,,,,,,,,,,,,,,,,,,,,,19.123,SIGA_INTA_SAN_PEDRO_A872890,Observado,Observado_estacion,,,,,2026-10-02T22:27:07+00:00
2026-04-21,21.3,15.6,0.75,19.201,,,,,,,,,,,,,,,,,,,,,17.201,SIGA_INTA_SAN_PEDRO_A872890,Observado,Observado_estacion,,,,,2026-10-02T22:27:07+00:00
2026-04-22,23.0,9.6,0.25,15.848,,,,,,,,,,,,,,,,,,,,,13.848,SIGA_INTA_SAN_PEDRO_A872890,Observado,Observado_estacion,,,,,2026-10-02T22:27:07+00:00
2026-04-23,24.4,8.5,0.0,16.415,,,,,,,,,,,,,,,,,,,,,14.415,SIGA_INTA_SAN_PEDRO_A872890,Observado,Observado_estacion,,,,,2026-10-02T22:27:07+00:00
2026-04-24,25.1,9.0,0.0,16.838,,,,,,,,,,,,,,,,,,,,,14.838000000000001,SIGA_INTA_SAN_PEDRO_A872890,Observado,Observado_estacion,,,,,2026-10-02T22:27:07+00:00
2026-04-25,26.3,10.8,0.0,17.36,,,,,,,,,,,,,,,,,,,,,15.36,SIGA_INTA_SAN_PEDRO_A872890,Observado,Observado_estacion,,,,,2026-10-02T22:27:07+00:00
2026-04-26,19.6,8.6,0.0,13.572,,,,,,,,,,,,,,,,,,,,,11.572,SIGA_INTA_SAN_PEDRO_A872890,Observado,Observado_estacion,,,,,2026-10-02T22:27:07+00:00
2026-04-27,16.8,4.2,0.0,10.015,,,,,,,,,,,,,,,,,,,,,8.015,SIGA_INTA_SAN_PEDRO_A872890,Observado,Observado_estacion,,,,,2026-10-02T22:27:07+00:00
2026-04-28,23.2,4.9,0.0,12.455,,,,,,,,,,,,,,,,,,,,,10.455,SIGA_INTA_SAN_PEDRO_A872890,Observado,Observado_estacion,,,,,2026-10-02T22:27:07+00:00
2026-04-29,25.7,10.5,0.0,16.229,,,,,,,,,,,,,,,,,,,,,14.229,SIGA_INTA_SAN_PEDRO_A872890,Observado,Observado_estacion,,,,,2026-10-02T22:27:07+00:00
2026-04-30,26.0,4.6,0.0,15.366,,,,,,,,,,,,,,,,,,,,,13.366,SIGA_INTA_SAN_PEDRO_A872890,Observado,Observado_estacion,,,,,2026-10-02T22:27:07+00:00
2026-05-01,27.5,14.8,0.0,19.636,,,,,,,,,,,,,,,,,,,,,17.636,SIGA_INTA_SAN_PEDRO_A872890,Observado,Observado_estacion,,,,,2026-10-02T22:27:07+00:00
2026-05-02,19.6,7.7,0.0,13.475,,,,,,,,,,,,,,,,,,,,,11.475,SIGA_INTA_SAN_PEDRO_A872890,Observado,Observado_estacion,,,,,2026-10-02T22:27:07+00:00
2026-05-03,19.7,0.0,0.0,9.277,,,,,,,,,,,,,,,,,,,,,7.276999999999999,SIGA_INTA_SAN_PEDRO_A872890,Observado,Observado_estacion,,,,,2026-10-02T22:27:07+00:00
2026-05-04,24.2,7.0,0.0,14.426,,,,,,,,,,,,,,,,,,,,,12.426,SIGA_INTA_SAN_PEDRO_A872890,Observado,Observado_estacion,,,,,2026-10-02T22:27:07+00:00
2026-05-05,26.4,13.2,0.0,19.691,,,,,,,,,,,,,,,,,,,,,17.691,SIGA_INTA_SAN_PEDRO_A872890,Observado,Observado_estacion,,,,,2026-10-02T22:27:07+00:00
2026-05-06,31.4,20.2,21.25,24.163,,,,,,,,,,,,,,,,,,,,,22.163,SIGA_INTA_SAN_PEDRO_A872890,Observado,Observado_estacion,,,,,2026-10-02T22:27:07+00:00
2026-05-07,25.5,12.5,0.0,17.141,,,,,,,,,,,,,,,,,,,,,15.140999999999998,SIGA_INTA_SAN_PEDRO_A872890,Observado,Observado_estacion,,,,,2026-10-02T22:27:07+00:00
2026-05-08,14.9,6.6,2.0,10.354,,,,,,,,,,,,,,,,,,,,,8.354,SIGA_INTA_SAN_PEDRO_A872890,Observado,Observado_estacion,,,,,2026-10-02T22:27:07+00:00
2026-05-09,12.2,5.9,0.0,8.809,,,,,,,,,,,,,,,,,,,,,6.808999999999999,SIGA_INTA_SAN_PEDRO_A872890,Observado,Observado_estacion,,,,,2026-10-02T22:27:07+00:00
2026-05-10,16.8,2.8,0.0,9.104,,,,,,,,,,,,,,,,,,,,,7.103999999999999,SIGA_INTA_SAN_PEDRO_A872890,Observado,Observado_estacion,,,,,2026-10-02T22:27:07+00:00
2026-05-11,20.5,0.7,0.0,9.942,,,,,,,,,,,,,,,,,,,,,7.942,SIGA_INTA_SAN_PEDRO_A872890,Observado,Observado_estacion,,,,,2026-10-02T22:27:07+00:00
2026-05-12,24.9,4.9,0.0,13.858,,,,,,,,,,,,,,,,,,,,,11.858,SIGA_INTA_SAN_PEDRO_A872890,Observado,Observado_estacion,,,,,2026-10-02T22:27:07+00:00
2026-05-13,16.7,7.1,0.0,11.698,,,,,,,,,,,,,,,,,,,,,9.698,SIGA_INTA_SAN_PEDRO_A872890,Observado,Observado_estacion,,,,,2026-10-02T22:27:07+00:00
2026-05-14,19.7,7.1,0.0,12.394,,,,,,,,,,,,,,,,,,,,,10.394,SIGA_INTA_SAN_PEDRO_A872890,Observado,Observado_estacion,,,,,2026-10-02T22:27:07+00:00
2026-05-15,19.4,5.3,0.0,11.404,,,,,,,,,,,,,,,,,,,,,9.404,SIGA_INTA_SAN_PEDRO_A872890,Observado,Observado_estacion,,,,,2026-10-02T22:27:07+00:00
2026-05-16,18.9,7.2,7.5,12.54,,,,,,,,,,,,,,,,,,,,,10.54,SIGA_INTA_SAN_PEDRO_A872890,Observado,Observado_estacion,,,,,2026-10-02T22:27:07+00:00
2026-05-17,13.0,6.0,0.0,9.672,,,,,,,,,,,,,,,,,,,,,7.672000000000001,SIGA_INTA_SAN_PEDRO_A872890,Observado,Observado_estacion,,,,,2026-10-02T22:27:07+00:00
2026-05-18,17.0,2.0,0.0,7.994,,,,,,,,,,,,,,,,,,,,,5.994,SIGA_INTA_SAN_PEDRO_A872890,Observado,Observado_estacion,,,,,2026-10-02T22:27:07+00:00
2026-05-19,18.9,2.4,0.0,9.569,,,,,,,,,,,,,,,,,,,,,7.569000000000001,SIGA_INTA_SAN_PEDRO_A872890,Observado,Observado_estacion,,,,,2026-10-02T22:27:07+00:00
2026-05-20,17.7,4.3,0.0,10.023,,,,,,,,,,,,,,,,,,,,,8.023,SIGA_INTA_SAN_PEDRO_A872890,Observado,Observado_estacion,,,,,2026-10-02T22:27:07+00:00
2026-05-21,14.5,5.0,0.0,10.272,,,,,,,,,,,,,,,,,,,,,8.272,SIGA_INTA_SAN_PEDRO_A872890,Observado,Observado_estacion,,,,,2026-10-02T22:27:07+00:00
2026-05-22,14.6,-0.1,0.0,6.667,,,,,,,,,,,,,,,,,,,,,4.667,SIGA_INTA_SAN_PEDRO_A872890,Observado,Observado_estacion,,,,,2026-10-02T22:27:07+00:00
2026-05-23,16.3,-0.3,0.0,7.662,,,,,,,,,,,,,,,,,,,,,5.662,SIGA_INTA_SAN_PEDRO_A872890,Observado,Observado_estacion,,,,,2026-10-02T22:27:07+00:00
2026-05-24,14.7,5.4,0.0,9.449,,,,,,,,,,,,,,,,,,,,,7.449,SIGA_INTA_SAN_PEDRO_A872890,Observado,Observado_estacion,,,,,2026-10-02T22:27:07+00:00
2026-05-25,18.3,5.0,0.0,10.176,,,,,,,,,,,,,,,,,,,,,8.176,SIGA_INTA_SAN_PEDRO_A872890,Observado,Observado_estacion,,,,,2026-10-02T22:27:07+00:00
2026-05-26,18.6,3.8,0.0,9.82,,,,,,,,,,,,,,,,,,,,,7.82,SIGA_INTA_SAN_PEDRO_A872890,Observado,Observado_estacion,,,,,2026-10-02T22:27:07+00:00
2026-05-27,15.3,10.6,0.0,12.501,,,,,,,,,,,,,,,,,,,,,10.501,SIGA_INTA_SAN_PEDRO_A872890,Observado,Observado_estacion,,,,,2026-10-02T22:27:07+00:00
2026-05-28,20.2,11.0,0.0,14.558,,,,,,,,,,,,,,,,,,,,,12.558,SIGA_INTA_SAN_PEDRO_A872890,Observado,Observado_estacion,,,,,2026-10-02T22:27:07+00:00
2026-05-29,19.6,9.1,0.0,13.458,,,,,,,,,,,,,,,,,,,,,11.458,SIGA_INTA_SAN_PEDRO_A872890,Observado,Observado_estacion,,,,,2026-10-02T22:27:07+00:00
2026-05-30,19.0,2.8,0.0,9.662,,,,,,,,,,,,,,,,,,,,,7.662000000000001,SIGA_INTA_SAN_PEDRO_A872890,Observado,Observado_estacion,,,,,2026-10-02T22:27:07+00:00
2026-05-31,21.5,2.9,0.0,11.026,,,,,,,,,,,,,,,,,,,,,9.026,SIGA_INTA_SAN_PEDRO_A872890,Observado,Observado_estacion,,,,,2026-10-02T22:27:07+00:00
2026-06-01,19.8,11.8,0.0,15.024,,,,,,,,,,,,,,,,,,,,,13.024,SIGA_INTA_SAN_PEDRO_A872890,Observado,Observado_estacion,,,,,2026-10-02T22:27:07+00:00
2026-06-02,18.7,8.1,0.0,12.392,,,,,,,,,,,,,,,,,,,,,10.392,SIGA_INTA_SAN_PEDRO_A872890,Observado,Observado_estacion,,,,,2026-10-02T22:27:07+00:00
2026-06-03,19.2,11.1,0.0,14.715,,,,,,,,,,,,,,,,,,,,,12.715,SIGA_INTA_SAN_PEDRO_A872890,Observado,Observado_estacion,,,,,2026-10-02T22:27:07+00:00
2026-06-04,22.7,13.9,0.0,17.369,,,,,,,,,,,,,,,,,,,,,15.369,SIGA_INTA_SAN_PEDRO_A872890,Observado,Observado_estacion,,,,,2026-10-02T22:27:07+00:00
2026-06-05,20.9,12.4,0.0,16.583,,,,,,,,,,,,,,,,,,,,,14.582999999999998,SIGA_INTA_SAN_PEDRO_A872890,Observado,Observado_estacion,,,,,2026-10-02T22:27:07+00:00
2026-06-06,18.1,13.7,0.0,15.514,,,,,,,,,,,,,,,,,,,,,13.514,SIGA_INTA_SAN_PEDRO_A872890,Observado,Observado_estacion,,,,,2026-10-02T22:27:07+00:00
2026-06-07,16.7,13.5,6.0,15.258,,,,,,,,,,,,,,,,,,,,,13.258,SIGA_INTA_SAN_PEDRO_A872890,Observado,Observado_estacion,,,,,2026-10-02T22:27:07+00:00
2026-06-08,15.2,11.7,5.5,13.369,,,,,,,,,,,,,,,,,,,,,11.369,SIGA_INTA_SAN_PEDRO_A872890,Observado,Observado_estacion,,,,,2026-10-02T22:27:07+00:00
2026-06-09,13.7,8.5,0.0,11.3,,,,,,13.7,,,8.5,,,11.3,,,0.0,,,,,,9.3,ECMWF_IFS_HISTORICO,Provisional,Provisional_hasta_reemplazo_SIGA,1,-33.70826,-59.81366,35.0,2026-10-03T15:01:01+00:00
2026-06-10,15.7,10.3,0.7,12.8,,,,,,15.7,,,10.3,,,12.8,,,0.7,,,,,,10.8,ECMWF_IFS_HISTORICO,Provisional,Provisional_hasta_reemplazo_SIGA,1,-33.70826,-59.81366,35.0,2026-10-03T15:01:01+00:00
2026-06-11,17.5,9.0,0.0,12.0,,,,,,17.5,,,9.0,,,12.0,,,0.0,,,,,,10.0,ECMWF_IFS_HISTORICO,Provisional,Provisional_hasta_reemplazo_SIGA,1,-33.70826,-59.81366,35.0,2026-10-03T15:01:01+00:00
2026-06-12,16.5,3.9,0.25,9.088,,,,,,,,,,,,,,,,,,,,,7.087999999999999,SIGA_INTA_SAN_PEDRO_A872890,Observado,Observado_estacion,,,,,2026-10-02T22:27:07+00:00
2026-06-13,14.7,6.9,0.5,10.862,,,,,,,,,,,,,,,,,,,,,8.862,SIGA_INTA_SAN_PEDRO_A872890,Observado,Observado_estacion,,,,,2026-10-02T22:27:07+00:00
2026-06-14,12.2,0.6,0.0,6.496,,,,,,,,,,,,,,,,,,,,,4.496,SIGA_INTA_SAN_PEDRO_A872890,Observado,Observado_estacion,,,,,2026-10-02T22:27:07+00:00
2026-06-15,15.5,-1.2,0.0,5.797,,,,,,,,,,,,,,,,,,,,,3.7969999999999997,SIGA_INTA_SAN_PEDRO_A872890,Observado,Observado_estacion,,,,,2026-10-02T22:27:07+00:00
2026-06-16,21.0,5.8,0.0,11.662,,,,,,,,,,,,,,,,,,,,,9.662,SIGA_INTA_SAN_PEDRO_A872890,Observado,Observado_estacion,,,,,2026-10-02T22:27:07+00:00
2026-06-17,17.8,2.9,0.0,10.012,,,,,,,,,,,,,,,,,,,,,8.012,SIGA_INTA_SAN_PEDRO_A872890,Observado,Observado_estacion,,,,,2026-10-02T22:27:07+00:00
2026-06-18,12.1,7.8,29.75,9.476,,,,,,,,,,,,,,,,,,,,,7.476000000000001,SIGA_INTA_SAN_PEDRO_A872890,Observado,Observado_estacion,,,,,2026-10-02T22:27:07+00:00
2026-06-19,16.8,6.3,0.0,10.94,,,,,,,,,,,,,,,,,,,,,8.94,SIGA_INTA_SAN_PEDRO_A872890,Observado,Observado_estacion,,,,,2026-10-02T22:27:07+00:00
2026-06-20,16.7,3.3,0.0,8.901,,,,,,,,,,,,,,,,,,,,,6.901,SIGA_INTA_SAN_PEDRO_A872890,Observado,Observado_estacion,,,,,2026-10-02T22:27:07+00:00
2026-06-21,14.4,6.9,0.0,10.154,,,,,,,,,,,,,,,,,,,,,8.154,SIGA_INTA_SAN_PEDRO_A872890,Observado,Observado_estacion,,,,,2026-10-02T22:27:07+00:00
2026-06-22,13.5,5.2,0.0,8.813,,,,,,,,,,,,,,,,,,,,,6.813000000000001,SIGA_INTA_SAN_PEDRO_A872890,Observado,Observado_estacion,,,,,2026-10-02T22:27:07+00:00
2026-06-23,14.2,0.8,0.0,6.775,,,,,,,,,,,,,,,,,,,,,4.775,SIGA_INTA_SAN_PEDRO_A872890,Observado,Observado_estacion,,,,,2026-10-02T22:27:07+00:00
2026-06-24,11.6,0.8,0.0,6.916,,,,,,,,,,,,,,,,,,,,,4.916,SIGA_INTA_SAN_PEDRO_A872890,Observado,Observado_estacion,,,,,2026-10-02T22:27:07+00:00
2026-06-25,14.1,3.6,0.0,7.935,,,,,,,,,,,,,,,,,,,,,5.935,SIGA_INTA_SAN_PEDRO_A872890,Observado,Observado_estacion,,,,,2026-10-02T22:27:07+00:00
2026-06-26,17.5,0.8,0.0,8.004,,,,,,,,,,,,,,,,,,,,,6.004,SIGA_INTA_SAN_PEDRO_A872890,Observado,Observado_estacion,,,,,2026-10-02T22:27:07+00:00
2026-06-27,19.8,4.1,0.0,11.364,,,,,,,,,,,,,,,,,,,,,9.364,SIGA_INTA_SAN_PEDRO_A872890,Observado,Observado_estacion,,,,,2026-10-02T22:27:07+00:00
2026-06-28,15.4,3.2,0.0,8.151,,,,,,,,,,,,,,,,,,,,,6.151,SIGA_INTA_SAN_PEDRO_A872890,Observado,Observado_estacion,,,,,2026-10-02T22:27:07+00:00
2026-06-29,16.9,1.9,0.0,7.68,,,,,,,,,,,,,,,,,,,,,5.68,SIGA_INTA_SAN_PEDRO_A872890,Observado,Observado_estacion,,,,,2026-10-02T22:27:07+00:00
2026-06-30,17.0,0.8,0.0,7.692,,,,,,,,,,,,,,,,,,,,,5.692,SIGA_INTA_SAN_PEDRO_A872890,Observado,Observado_estacion,,,,,2026-10-02T22:27:07+00:00
2026-07-01,16.4,0.3,0.0,7.798,,,,,,,,,,,,,,,,,,,,,5.798,SIGA_INTA_SAN_PEDRO_A872890,Observado,Observado_estacion,,,,,2026-10-02T22:27:07+00:00
2026-07-02,9.7,1.5,0.0,5.922,,,,,,,,,,,,,,,,,,,,,3.9219999999999997,SIGA_INTA_SAN_PEDRO_A872890,Observado,Observado_estacion,,,,,2026-10-02T22:27:07+00:00
2026-07-03,11.5,-3.5,0.0,2.443,,,,,,,,,,,,,,,,,,,,,0.44300000000000006,SIGA_INTA_SAN_PEDRO_A872890,Observado,Observado_estacion,,,,,2026-10-02T22:27:07+00:00
2026-07-04,13.8,-3.0,0.0,3.842,,,,,,,,,,,,,,,,,,,,,1.842,SIGA_INTA_SAN_PEDRO_A872890,Observado,Observado_estacion,,,,,2026-10-02T22:27:07+00:00
2026-07-05,8.1,5.4,1.0,6.571,,,,,,,,,,,,,,,,,,,,,4.571,SIGA_INTA_SAN_PEDRO_A872890,Observado,Observado_estacion,,,,,2026-10-02T22:27:07+00:00
2026-07-06,14.6,-1.3,0.5,5.59,,,,,,,,,,,,,,,,,,,,,3.59,SIGA_INTA_SAN_PEDRO_A872890,Observado,Observado_estacion,,,,,2026-10-02T22:27:07+00:00
2026-07-07,19.4,-1.6,0.0,7.623,,,,,,,,,,,,,,,,,,,,,5.623,SIGA_INTA_SAN_PEDRO_A872890,Observado,Observado_estacion,,,,,2026-10-02T22:27:07+00:00
2026-07-08,19.6,3.3,0.0,11.152,,,,,,,,,,,,,,,,,,,,,9.152,SIGA_INTA_SAN_PEDRO_A872890,Observado,Observado_estacion,,,,,2026-10-02T22:27:07+00:00
2026-07-09,21.1,6.7,0.0,13.924,,,,,,,,,,,,,,,,,,,,,11.924,SIGA_INTA_SAN_PEDRO_A872890,Observado,Observado_estacion,,,,,2026-10-02T22:27:07+00:00
2026-07-10,14.5,6.3,0.0,10.403,,,,,,,,,,,,,,,,,,,,,8.403,SIGA_INTA_SAN_PEDRO_A872890,Observado,Observado_estacion,,,,,2026-10-02T22:27:07+00:00
2026-07-11,15.5,8.2,0.0,10.839,,,,,,,,,,,,,,,,,,,,,8.839,SIGA_INTA_SAN_PEDRO_A872890,Observado,Observado_estacion,,,,,2026-10-02T22:27:07+00:00
2026-07-12,13.1,4.4,0.0,9.026,,,,,,,,,,,,,,,,,,,,,7.026,SIGA_INTA_SAN_PEDRO_A872890,Observado,Observado_estacion,,,,,2026-10-02T22:27:07+00:00
2026-07-13,14.9,2.4,0.0,7.494,,,,,,,,,,,,,,,,,,,,,5.494,SIGA_INTA_SAN_PEDRO_A872890,Observado,Observado_estacion,,,,,2026-10-02T22:27:07+00:00
2026-07-14,17.8,5.6,0.0,10.796,,,,,,,,,,,,,,,,,,,,,8.796,SIGA_INTA_SAN_PEDRO_A872890,Observado,Observado_estacion,,,,,2026-10-02T22:27:07+00:00
2026-07-15,18.8,9.6,0.0,14.278,,,,,,,,,,,,,,,,,,,,,12.278,SIGA_INTA_SAN_PEDRO_A872890,Observado,Observado_estacion,,,,,2026-10-02T22:27:07+00:00
2026-07-16,26.9,16.1,4.0,20.223,,,,,,,,,,,,,,,,,,,,,18.223,SIGA_INTA_SAN_PEDRO_A872890,Observado,Observado_estacion,,,,,2026-10-02T22:27:07+00:00
2026-07-17,25.6,20.0,0.0,21.545,,,,,,,,,,,,,,,,,,,,,19.545,SIGA_INTA_SAN_PEDRO_A872890,Observado,Observado_estacion,,,,,2026-10-02T22:27:07+00:00
2026-07-18,20.3,14.9,0.0,17.694,,,,,,,,,,,,,,,,,,,,,15.693999999999999,SIGA_INTA_SAN_PEDRO_A872890,Observado,Observado_estacion,,,,,2026-10-02T22:27:07+00:00
2026-07-19,14.9,10.0,0.0,12.419,,,,,,,,,,,,,,,,,,,,,10.419,SIGA_INTA_SAN_PEDRO_A872890,Observado,Observado_estacion,,,,,2026-10-02T22:27:07+00:00
2026-07-20,13.5,10.1,1.5,11.502,,,,,,,,,,,,,,,,,,,,,9.502,SIGA_INTA_SAN_PEDRO_A872890,Observado,Observado_estacion,,,,,2026-10-02T22:27:07+00:00
2026-07-21,13.0,8.6,0.1,10.9,,,,,,13.0,,,8.6,,,10.9,,,0.1,,,,,,8.9,ECMWF_IFS_HISTORICO,Provisional,Provisional_hasta_reemplazo_SIGA,1,-33.70826,-59.81366,35.0,2026-10-03T15:01:01+00:00
2026-07-22,14.1,8.4,5.6,10.9,,,,,,14.1,,,8.4,,,10.9,,,5.6,,,,,,8.9,ECMWF_IFS_HISTORICO,Provisional,Provisional_hasta_reemplazo_SIGA,1,-33.70826,-59.81366,35.0,2026-10-03T15:01:01+00:00
2026-07-23,13.1,8.3,0.0,10.865,,,,,,,,,,,,,,,,,,,,,8.865,SIGA_INTA_SAN_PEDRO_A872890,Observado,Observado_estacion,,,,,2026-10-02T22:27:07+00:00
2026-07-24,18.0,10.0,0.1,13.2,,,,,,18.0,,,10.0,,,13.2,,,0.1,,,,,,11.2,ECMWF_IFS_HISTORICO,Provisional,Provisional_hasta_reemplazo_SIGA,1,-33.70826,-59.81366,35.0,2026-10-03T15:01:02+00:00
2026-07-25,18.6,8.1,0.1,12.8,,,,,,18.6,,,8.1,,,12.8,,,0.1,,,,,,10.8,ECMWF_IFS_HISTORICO,Provisional,Provisional_hasta_reemplazo_SIGA,1,-33.70826,-59.81366,35.0,2026-10-03T15:01:02+00:00
2026-07-26,19.4,13.3,0.0,15.828,,,,,,,,,,,,,,,,,,,,,13.828,SIGA_INTA_SAN_PEDRO_A872890,Observado,Observado_estacion,,,,,2026-10-02T22:27:07+00:00
2026-07-27,23.0,13.4,0.0,16.652,,,,,,,,,,,,,,,,,,,,,14.652000000000001,SIGA_INTA_SAN_PEDRO_A872890,Observado,Observado_estacion,,,,,2026-10-02T22:27:07+00:00
2026-07-28,17.7,9.8,0.0,14.599,,,,,,,,,,,,,,,,,,,,,12.599,SIGA_INTA_SAN_PEDRO_A872890,Observado,Observado_estacion,,,,,2026-10-02T22:27:07+00:00
2026-07-29,20.0,9.1,0.0,14.298,,,,,,,,,,,,,,,,,,,,,12.298,SIGA_INTA_SAN_PEDRO_A872890,Observado,Observado_estacion,,,,,2026-10-02T22:27:07+00:00
2026-07-30,20.2,9.9,3.0,14.451,,,,,,,,,,,,,,,,,,,,,12.451,SIGA_INTA_SAN_PEDRO_A872890,Observado,Observado_estacion,,,,,2026-10-02T22:27:07+00:00
2026-07-31,29.1,14.3,67.5,19.244,,,,,,,,,,,,,,,,,,,,,17.244,SIGA_INTA_SAN_PEDRO_A872890,Observado,Observado_estacion,,,,,2026-10-02T22:27:07+00:00
2026-08-01,22.0,13.2,0.0,17.695,,,,,,,,,,,,,,,,,,,,,15.695,SIGA_INTA_SAN_PEDRO_A872890,Observado,Observado_estacion,,,,,2026-10-02T22:27:07+00:00
2026-08-02,20.2,10.9,0.0,14.665,,,,,,,,,,,,,,,,,,,,,12.665,SIGA_INTA_SAN_PEDRO_A872890,Observado,Observado_estacion,,,,,2026-10-02T22:27:07+00:00
2026-08-03,17.9,12.0,0.0,15.154,,,,,,,,,,,,,,,,,,,,,13.154,SIGA_INTA_SAN_PEDRO_A872890,Observado,Observado_estacion,,,,,2026-10-02T22:27:07+00:00
2026-08-04,18.2,12.3,0.0,14.46,,,,,,,,,,,,,,,,,,,,,12.46,SIGA_INTA_SAN_PEDRO_A872890,Observado,Observado_estacion,,,,,2026-10-02T22:27:07+00:00
2026-08-05,16.7,13.7,32.75,14.852,,,,,,,,,,,,,,,,,,,,,12.852,SIGA_INTA_SAN_PEDRO_A872890,Observado,Observado_estacion,,,,,2026-10-02T22:27:07+00:00
2026-08-06,15.9,9.0,35.25,13.924,,,,,,,,,,,,,,,,,,,,,11.924,SIGA_INTA_SAN_PEDRO_A872890,Observado,Observado_estacion,,,,,2026-10-02T22:27:07+00:00
2026-08-07,14.9,2.7,0.0,8.525,,,,,,,,,,,,,,,,,,,,,6.525,SIGA_INTA_SAN_PEDRO_A872890,Observado,Observado_estacion,,,,,2026-10-02T22:27:07+00:00
2026-08-08,14.4,5.0,0.0,9.039,,,,,,,,,,,,,,,,,,,,,7.039,SIGA_INTA_SAN_PEDRO_A872890,Observado,Observado_estacion,,,,,2026-10-02T22:27:07+00:00
2026-08-09,15.9,1.5,0.0,8.046,,,,,,,,,,,,,,,,,,,,,6.045999999999999,SIGA_INTA_SAN_PEDRO_A872890,Observado,Observado_estacion,,,,,2026-10-02T22:27:07+00:00
2026-08-10,13.9,1.4,0.0,7.133,,,,,,,,,,,,,,,,,,,,,5.133,SIGA_INTA_SAN_PEDRO_A872890,Observado,Observado_estacion,,,,,2026-10-02T22:27:07+00:00
2026-08-11,12.0,4.4,0.0,7.661,,,,,,,,,,,,,,,,,,,,,5.661,SIGA_INTA_SAN_PEDRO_A872890,Observado,Observado_estacion,,,,,2026-10-02T22:27:07+00:00
2026-08-12,12.4,6.1,0.0,9.052,,,,,,,,,,,,,,,,,,,,,7.052,SIGA_INTA_SAN_PEDRO_A872890,Observado,Observado_estacion,,,,,2026-10-02T22:27:07+00:00
2026-08-13,11.6,7.0,0.0,9.393,,,,,,,,,,,,,,,,,,,,,7.393000000000001,SIGA_INTA_SAN_PEDRO_A872890,Observado,Observado_estacion,,,,,2026-10-02T22:27:07+00:00
2026-08-14,13.4,4.6,0.0,9.311,,,,,,,,,,,,,,,,,,,,,7.311,SIGA_INTA_SAN_PEDRO_A872890,Observado,Observado_estacion,,,,,2026-10-02T22:27:07+00:00
2026-08-15,15.9,11.9,2.5,13.9,,,,,,15.9,,,11.9,,,13.9,,,2.5,,,,,,11.9,ECMWF_IFS_HISTORICO,Provisional,Provisional_hasta_reemplazo_SIGA,1,-33.70826,-59.81366,35.0,2026-10-03T15:01:03+00:00
2026-08-16,17.5,11.9,0.5,14.1,,,,,,17.5,,,11.9,,,14.1,,,0.5,,,,,,12.1,ECMWF_IFS_HISTORICO,Provisional,Provisional_hasta_reemplazo_SIGA,1,-33.70826,-59.81366,35.0,2026-10-03T15:01:03+00:00
2026-08-17,13.8,10.7,0.0,12.204,,,,,,,,,,,,,,,,,,,,,10.204,SIGA_INTA_SAN_PEDRO_A872890,Observado,Observado_estacion,,,,,2026-10-02T22:27:07+00:00
2026-08-18,12.2,8.1,0.0,10.0,,,,,,12.2,,,8.1,,,10.0,,,0.0,,,,,,8.0,ECMWF_IFS_HISTORICO,Provisional,Provisional_hasta_reemplazo_SIGA,1,-33.70826,-59.81366,35.0,2026-10-03T15:01:03+00:00
2026-08-19,17.1,4.5,0.0,10.2,,,,,,17.1,,,4.5,,,10.2,,,0.0,,,,,,8.2,ECMWF_IFS_HISTORICO,Provisional,Provisional_hasta_reemplazo_SIGA,1,-33.70826,-59.81366,35.0,2026-10-03T15:01:03+00:00
2026-08-20,21.5,4.5,0.0,11.414,,,,,,,,,,,,,,,,,,,,,9.414,SIGA_INTA_SAN_PEDRO_A872890,Observado,Observado_estacion,,,,,2026-10-02T22:27:07+00:00
2026-08-21,14.5,4.4,0.0,8.991,,,,,,,,,,,,,,,,,,,,,6.991,SIGA_INTA_SAN_PEDRO_A872890,Observado,Observado_estacion,,,,,2026-10-02T22:27:07+00:00
2026-08-22,16.1,-1.2,0.0,6.61,,,,,,,,,,,,,,,,,,,,,4.61,SIGA_INTA_SAN_PEDRO_A872890,Observado,Observado_estacion,,,,,2026-10-02T22:27:07+00:00
2026-08-23,17.0,0.8,0.0,8.374,,,,,,,,,,,,,,,,,,,,,6.3740000000000006,SIGA_INTA_SAN_PEDRO_A872890,Observado,Observado_estacion,,,,,2026-10-02T22:27:07+00:00
2026-08-24,14.3,4.2,0.0,8.577,,,,,,,,,,,,,,,,,,,,,6.577,SIGA_INTA_SAN_PEDRO_A872890,Observado,Observado_estacion,,,,,2026-10-02T22:27:07+00:00
2026-08-25,16.6,8.1,0.0,11.026,,,,,,,,,,,,,,,,,,,,,9.026,SIGA_INTA_SAN_PEDRO_A872890,Observado,Observado_estacion,,,,,2026-10-02T22:27:07+00:00
2026-08-26,18.3,8.9,0.0,12.793,,,,,,,,,,,,,,,,,,,,,10.793,SIGA_INTA_SAN_PEDRO_A872890,Observado,Observado_estacion,,,,,2026-10-02T22:27:07+00:00
2026-08-27,18.7,12.7,1.25,14.651,,,,,,,,,,,,,,,,,,,,,12.651,SIGA_INTA_SAN_PEDRO_A872890,Observado,Observado_estacion,,,,,2026-10-02T22:27:07+00:00
2026-08-28,21.8,9.6,0.0,14.771,,,,,,,,,,,,,,,,,,,,,12.771,SIGA_INTA_SAN_PEDRO_A872890,Observado,Observado_estacion,,,,,2026-10-02T22:27:07+00:00
2026-08-29,22.0,5.9,0.0,12.935,,,,,,,,,,,,,,,,,,,,,10.935,SIGA_INTA_SAN_PEDRO_A872890,Observado,Observado_estacion,,,,,2026-10-02T22:27:07+00:00
2026-08-30,23.6,4.7,0.0,13.856,,,,,,,,,,,,,,,,,,,,,11.856,SIGA_INTA_SAN_PEDRO_A872890,Observado,Observado_estacion,,,,,2026-10-02T22:27:07+00:00
2026-08-31,20.7,12.7,0.0,16.005,,,,,,,,,,,,,,,,,,,,,14.004999999999999,SIGA_INTA_SAN_PEDRO_A872890,Observado,Observado_estacion,,,,,2026-10-02T22:27:07+00:00
2026-09-01,21.9,8.3,0.0,14.473,,,,,,,,,,,,,,,,,,,,,12.473,SIGA_INTA_SAN_PEDRO_A872890,Observado,Observado_estacion,,,,,2026-10-02T22:27:07+00:00
2026-09-02,24.1,10.5,2.5,16.486,,,,,,,,,,,,,,,,,,,,,14.486,SIGA_INTA_SAN_PEDRO_A872890,Observado,Observado_estacion,,,,,2026-10-02T22:27:07+00:00
2026-09-03,20.4,11.2,0.0,16.075,,,,,,,,,,,,,,,,,,,,,14.075,SIGA_INTA_SAN_PEDRO_A872890,Observado,Observado_estacion,,,,,2026-10-02T22:27:07+00:00
2026-09-04,20.0,2.6,0.0,11.528,,,,,,,,,,,,,,,,,,,,,9.528,SIGA_INTA_SAN_PEDRO_A872890,Observado,Observado_estacion,,,,,2026-10-02T22:27:07+00:00
2026-09-05,13.8,1.7,0.0,8.557,,,,,,,,,,,,,,,,,,,,,6.557,SIGA_INTA_SAN_PEDRO_A872890,Observado,Observado_estacion,,,,,2026-10-02T22:27:07+00:00
2026-09-06,11.5,-0.8,0.0,5.726,,,,,,,,,,,,,,,,,,,,,3.726,SIGA_INTA_SAN_PEDRO_A872890,Observado,Observado_estacion,,,,,2026-10-02T22:27:07+00:00
2026-09-07,14.8,-2.2,0.0,6.373,,,,,,,,,,,,,,,,,,,,,4.373,SIGA_INTA_SAN_PEDRO_A872890,Observado,Observado_estacion,,,,,2026-10-02T22:27:07+00:00
2026-09-08,19.8,6.5,0.0,13.154,,,,,,,,,,,,,,,,,,,,,11.154,SIGA_INTA_SAN_PEDRO_A872890,Observado,Observado_estacion,,,,,2026-10-02T22:27:07+00:00
2026-09-09,20.6,8.8,0.0,14.044,,,,,,,,,,,,,,,,,,,,,12.044,SIGA_INTA_SAN_PEDRO_A872890,Observado,Observado_estacion,,,,,2026-10-02T22:27:07+00:00
2026-09-10,22.9,7.1,0.0,14.929,,,,,,,,,,,,,,,,,,,,,12.929,SIGA_INTA_SAN_PEDRO_A872890,Observado,Observado_estacion,,,,,2026-10-02T22:27:07+00:00
2026-09-11,19.0,9.6,0.0,13.818,,,,,,,,,,,,,,,,,,,,,11.818,SIGA_INTA_SAN_PEDRO_A872890,Observado,Observado_estacion,,,,,2026-10-02T22:27:07+00:00
2026-09-12,11.7,7.5,0.0,9.564,,,,,,,,,,,,,,,,,,,,,7.564,SIGA_INTA_SAN_PEDRO_A872890,Observado,Observado_estacion,,,,,2026-10-02T22:27:07+00:00
2026-09-13,14.3,-1.5,0.0,6.604,,,,,,,,,,,,,,,,,,,,,4.604,SIGA_INTA_SAN_PEDRO_A872890,Observado,Observado_estacion,,,,,2026-10-02T22:27:07+00:00
2026-09-14,17.7,2.5,0.0,9.297,,,,,,,,,,,,,,,,,,,,,7.297000000000001,SIGA_INTA_SAN_PEDRO_A872890,Observado,Observado_estacion,,,,,2026-10-02T22:27:07+00:00
2026-09-15,23.5,7.5,0.0,14.599,,,,,,,,,,,,,,,,,,,,,12.599,SIGA_INTA_SAN_PEDRO_A872890,Observado,Observado_estacion,,,,,2026-10-02T22:27:07+00:00
2026-09-16,18.2,1.9,0.0,10.729,,,,,,,,,,,,,,,,,,,,,8.729,SIGA_INTA_SAN_PEDRO_A872890,Observado,Observado_estacion,,,,,2026-10-02T22:27:07+00:00
2026-09-17,25.8,10.0,0.0,17.111,,,,,,,,,,,,,,,,,,,,,15.111,SIGA_INTA_SAN_PEDRO_A872890,Observado,Observado_estacion,,,,,2026-10-02T22:27:07+00:00
2026-09-18,25.0,11.2,0.0,17.815,,,,,,,,,,,,,,,,,,,,,15.815000000000001,SIGA_INTA_SAN_PEDRO_A872890,Observado,Observado_estacion,,,,,2026-10-02T22:27:07+00:00
2026-09-19,28.0,14.1,0.0,20.584,,,,,,,,,,,,,,,,,,,,,18.584,SIGA_INTA_SAN_PEDRO_A872890,Observado,Observado_estacion,,,,,2026-10-02T22:27:07+00:00
2026-09-20,21.8,13.0,10.0,16.641,,,,,,,,,,,,,,,,,,,,,14.640999999999998,SIGA_INTA_SAN_PEDRO_A872890,Observado,Observado_estacion,,,,,2026-10-02T22:27:07+00:00
2026-09-21,17.0,10.2,0.25,13.1,,,,,,,,,,,,,,,,,,,,,11.1,SIGA_INTA_SAN_PEDRO_A872890,Observado,Observado_estacion,,,,,2026-10-02T22:27:07+00:00
2026-09-22,16.6,2.3,0.0,9.114,,,,,,,,,,,,,,,,,,,,,7.114000000000001,SIGA_INTA_SAN_PEDRO_A872890,Observado,Observado_estacion,,,,,2026-10-02T22:27:07+00:00
2026-09-23,20.8,5.8,0.0,12.145,,,,,,,,,,,,,,,,,,,,,10.145,SIGA_INTA_SAN_PEDRO_A872890,Observado,Observado_estacion,,,,,2026-10-02T22:27:07+00:00
2026-09-24,25.9,10.2,0.0,17.333,,,,,,,,,,,,,,,,,,,,,15.332999999999998,SIGA_INTA_SAN_PEDRO_A872890,Observado,Observado_estacion,,,,,2026-10-02T22:27:07+00:00
2026-09-25,28.7,12.5,0.0,20.046,,,,,,,,,,,,,,,,,,,,,18.046,SIGA_INTA_SAN_PEDRO_A872890,Observado,Observado_estacion,,,,,2026-10-02T22:27:07+00:00
2026-09-26,26.9,12.9,1.5,19.908,,,,,,,,,,,,,,,,,,,,,17.908,SIGA_INTA_SAN_PEDRO_A872890,Observado,Observado_estacion,,,,,2026-10-02T22:27:07+00:00
2026-09-27,18.8,14.6,36.7,16.1,,,,,,18.8,,,14.6,,,16.1,,,36.7,,,,,,14.100000000000001,ECMWF_IFS_HISTORICO,Provisional,Provisional_hasta_reemplazo_SIGA,1,-33.70826,-59.81366,35.0,2026-10-03T15:01:04+00:00
2026-09-28,22.2,14.7,0.3,17.9,,,,,,22.2,,,14.7,,,17.9,,,0.3,,,,,,15.899999999999999,ECMWF_IFS_HISTORICO,Provisional,Provisional_hasta_reemplazo_SIGA,1,-33.70826,-59.81366,35.0,2026-10-03T15:01:04+00:00
2026-09-29,22.2,13.7,1.2,17.8,,,,,,22.2,,,13.7,,,17.8,,,1.2,,,,,,15.8,ECMWF_IFS_HISTORICO,Provisional,Provisional_hasta_reemplazo_SIGA,1,-33.70826,-59.81366,35.0,2026-10-03T15:01:04+00:00
2026-09-30,19.4,9.2,1.4,14.3,,,,,,19.4,,,9.2,,,14.3,,,1.4,,,,,,12.3,ECMWF_IFS_HISTORICO,Provisional,Provisional_hasta_reemplazo_SIGA,1,-33.70826,-59.81366,35.0,2026-10-03T15:01:04+00:00
2026-10-01,16.2,9.2,2.3,12.5,,,,,,16.2,,,9.2,,,12.5,,,2.3,,,,,,10.5,ECMWF_IFS_HISTORICO,Provisional,Provisional_hasta_reemplazo_SIGA,1,-33.70826,-59.81366,35.0,2026-10-03T15:01:04+00:00
